<?xml version="1.0" encoding="UTF-8"?>
<project-private xmlns="http://www.netbeans.org/ns/project-private/1">
    <editor-bookmarks xmlns="http://www.netbeans.org/ns/editor-bookmarks/2" lastBookmarkId="0"/>
    <open-files xmlns="http://www.netbeans.org/ns/projectui-open-files/2">
        <group>
            <file>file:/C:/CST8277GroupProject/SpriteEE/SpriteEE-ejb/src/conf/persistence.xml</file>
            <file>file:/C:/CST8277GroupProject/SpriteEE/SpriteEE-ejb/src/java/business/SyncRequest.java</file>
            <file>file:/C:/CST8277GroupProject/SpriteEE/SpriteEE-ejb/src/conf/MANIFEST.MF</file>
            <file>file:/C:/CST8277GroupProject/SpriteEE/SpriteEE-ejb/src/java/business/AbstractFacade.java</file>
            <file>file:/C:/CST8277GroupProject/SpriteEE/SpriteEE-ejb/src/java/business/SyncResult.java</file>
            <file>file:/C:/CST8277GroupProject/SpriteEE/SpriteEE-ejb/src/java/business/SpriteFacadeREST.java</file>
            <file>file:/C:/CST8277GroupProject/SpriteEE/SpriteEE-ejb/src/java/data/ApplicationConfig.java</file>
            <file>file:/C:/CST8277GroupProject/SpriteEE/SpriteEE-ejb/setup/glassfish-resources.xml</file>
            <file>file:/C:/CST8277GroupProject/SpriteEE/SpriteEE-ejb/src/java/business/SpriteSession.java</file>
            <file>file:/C:/CST8277GroupProject/SpriteEE/SpriteEE-ejb/src/java/business/SpriteGame.java</file>
            <file>file:/C:/CST8277GroupProject/SpriteEE/SpriteEE-ejb/src/java/data/VersionNotMatchException.java</file>
        </group>
    </open-files>
</project-private>
