<?xml version="1.0" encoding="UTF-8"?>
<project-private xmlns="http://www.netbeans.org/ns/project-private/1">
    <editor-bookmarks xmlns="http://www.netbeans.org/ns/editor-bookmarks/2" lastBookmarkId="0"/>
    <open-files xmlns="http://www.netbeans.org/ns/projectui-open-files/2">
        <group>
            <file>file:/C:/CST8277GroupProject/SpriteEE/SpriteEE-war/nbproject/build-impl.xml</file>
            <file>file:/C:/CST8277GroupProject/SpriteEE/SpriteEE-war/web/WEB-INF/web.xml</file>
            <file>file:/C:/CST8277GroupProject/SpriteEE/SpriteEE-war/src/java/web/util/JsfUtil.java</file>
            <file>file:/C:/CST8277GroupProject/SpriteEE/SpriteEE-war/src/java/web/ColorConverter.java</file>
            <file>file:/C:/CST8277GroupProject/SpriteEE/SpriteEE-war/web/index.xhtml</file>
            <file>file:/C:/CST8277GroupProject/SpriteEE/SpriteEE-war/src/java/web/SpriteController.java</file>
        </group>
    </open-files>
</project-private>
